Comment,Designator,Footprint,LCSC
"47n","C1,C2","Capacitor_SMD:C_0603_1608Metric_Pad1.08x0.95mm_HandSolder",""
"24n","C11,C12","Capacitor_SMD:C_0805_2012Metric",""
"4.7n","C13,C14","Capacitor_SMD:C_0603_1608Metric_Pad1.08x0.95mm_HandSolder",""
"3.3n","C15,C16","Capacitor_SMD:C_0603_1608Metric_Pad1.08x0.95mm_HandSolder",""
"6.2n","C17,C18","Capacitor_SMD:C_0805_2012Metric",""
"1.6n","C19,C20","Capacitor_SMD:C_0603_1608Metric_Pad1.08x0.95mm_HandSolder",""
"1n","C21,C22,C25,C26,C27,C28,C29,C30,C31,C32,C33,C34,C35,C36,C37,C38,C41,C42","Capacitor_SMD:C_0603_1608Metric_Pad1.08x0.95mm_HandSolder",""
"3n","C23,C24","Capacitor_SMD:C_0603_1608Metric_Pad1.08x0.95mm_HandSolder",""
"27n","C3,C4","Capacitor_SMD:C_0603_1608Metric_Pad1.08x0.95mm_HandSolder",""
"820p","C39,C40","Capacitor_SMD:C_0603_1608Metric_Pad1.08x0.95mm_HandSolder",""
"100u","C43,C44","Capacitor_SMD:C_1206_3216Metric",""
"10u","C45,C46,C54","Capacitor_SMD:C_0805_2012Metric",""
"1u","C47,C48,C49,C52,C53,C57,C58","Capacitor_SMD:C_0603_1608Metric_Pad1.08x0.95mm_HandSolder",""
"75n","C5,C6","Capacitor_SMD:C_1206_3216Metric",""
"0.33uF","C50","Capacitor_SMD:C_0603_1608Metric_Pad1.08x0.95mm_HandSolder",""
"100u","C55","Capacitor_THT:C_Radial_D5.0mm_H5.0mm_P2.00mm",""
"0.002u","C56","Capacitor_SMD:C_0603_1608Metric_Pad1.08x0.95mm_HandSolder",""
"10u","C59","Capacitor_THT:CP_Radial_D5.0mm_P2.00mm",""
"0.1uF","C51,C60,C61,C62,C63,C64,C65,C66,C67,C68,C69,C70,C71,C72,C73","Capacitor_SMD:C_0805_2012Metric",""
"13n","C7,C8","Capacitor_SMD:C_0805_2012Metric",""
"6.8n","C9,C10","Capacitor_SMD:C_0805_2012Metric",""
"LED","D1,D2,D3,D4,D5,D6,D7,D8,D9,D10,D11,D12,D13,D14,D15,D16,D17,D18,D19,D20,D21,D22,D23,D24,D25,D26,D27,D28,D29,D30,D31,D32,D33,D34,D35,D36,D37,D38,D39,D40,D41,D42,D43,D44,D45,D46,D47,D48,D49,D50,D51,D52,D53,D54,D55,D56,D57,D58,D59,D60,D61,D62,D63,D64,D65,D66,D67,D68,D69,D70,D71","LED_THT:LED_D5.0mm",""
"MountingHole","H1,H2,H3,H4","MountingHole:MountingHole_3.2mm_M3",""
"AudioJack3","J1","Connector_Audio:Jack_3.5mm_CUI_SJ-3523-SMT_Horizontal",""
"PJ-079BH","J2","CUI_PJ-079BH",""
"Screw_Terminal_01x02","J3","TerminalBlock_Phoenix:TerminalBlock_Phoenix_MPT-0,5-2-2.54_1x02_P2.54mm_Horizontal",""
"Jumper_2_Open","JP2","Connector_PinHeader_2.54mm:PinHeader_2x01_P2.54mm_Vertical",""
"DMP2123LQ-7","Q1","Package_TO_SOT_SMD:SOT-23",""
"84.5k","R1","Resistor_SMD:R_0603_1608Metric_Pad0.98x0.95mm_HandSolder",""
"110k","R10","Resistor_SMD:R_0603_1608Metric_Pad0.98x0.95mm_HandSolder",""
"162k","R12","Resistor_SMD:R_0603_1608Metric_Pad0.98x0.95mm_HandSolder",""
"118k","R13","Resistor_SMD:R_0603_1608Metric_Pad0.98x0.95mm_HandSolder",""
"63.4k","R14","Resistor_SMD:R_0603_1608Metric_Pad0.98x0.95mm_HandSolder",""
"62k","R15","Resistor_SMD:R_0603_1608Metric_Pad0.98x0.95mm_HandSolder",""
"309k","R16","Resistor_SMD:R_0603_1608Metric_Pad0.98x0.95mm_HandSolder",""
"68k","R17","Resistor_SMD:R_0603_1608Metric_Pad0.98x0.95mm_HandSolder",""
"66.5k","R18,R31,R36,R51","Resistor_SMD:R_0603_1608Metric_Pad0.98x0.95mm_HandSolder",""
"332k","R19","Resistor_SMD:R_0603_1608Metric_Pad0.98x0.95mm_HandSolder",""
"160k","R2,R41,R50","Resistor_SMD:R_0603_1608Metric_Pad0.98x0.95mm_HandSolder",""
"137k","R20","Resistor_SMD:R_0603_1608Metric_Pad0.98x0.95mm_HandSolder",""
"45.3k","R21","Resistor_SMD:R_0603_1608Metric_Pad0.98x0.95mm_HandSolder",""
"270k","R22,R35,R53","Resistor_SMD:R_0603_1608Metric_Pad0.98x0.95mm_HandSolder",""
"143k","R23","Resistor_SMD:R_0603_1608Metric_Pad0.98x0.95mm_HandSolder",""
"19.1k","R24","Resistor_SMD:R_0603_1608Metric_Pad0.98x0.95mm_HandSolder",""
"590k","R25","Resistor_SMD:R_0603_1608Metric_Pad0.98x0.95mm_HandSolder",""
"140k","R26","Resistor_SMD:R_0603_1608Metric_Pad0.98x0.95mm_HandSolder",""
"18.7k","R27","Resistor_SMD:R_0603_1608Metric_Pad0.98x0.95mm_HandSolder",""
"576k","R28","Resistor_SMD:R_0603_1608Metric_Pad0.98x0.95mm_HandSolder",""
"100k","R29,R30","Resistor_SMD:R_0603_1608Metric_Pad0.98x0.95mm_HandSolder",""
"169k","R3","Resistor_SMD:R_0603_1608Metric_Pad0.98x0.95mm_HandSolder",""
"33.2k","R32","Resistor_SMD:R_0603_1608Metric_Pad0.98x0.95mm_HandSolder",""
"56k","R33","Resistor_SMD:R_0603_1608Metric_Pad0.98x0.95mm_HandSolder",""
"48.7k","R34,R58","Resistor_SMD:R_0603_1608Metric_Pad0.98x0.95mm_HandSolder",""
"57.6k","R37","Resistor_SMD:R_0603_1608Metric_Pad0.98x0.95mm_HandSolder",""
"324k","R38","Resistor_SMD:R_0603_1608Metric_Pad0.98x0.95mm_HandSolder",""
"78.7k","R39,R48","Resistor_SMD:R_0603_1608Metric_Pad0.98x0.95mm_HandSolder",""
"90.9k","R4,R11,R65","Resistor_SMD:R_0603_1608Metric_Pad0.98x0.95mm_HandSolder",""
"26.7k","R40","Resistor_SMD:R_0603_1608Metric_Pad0.98x0.95mm_HandSolder",""
"59k","R42","Resistor_SMD:R_0603_1608Metric_Pad0.98x0.95mm_HandSolder",""
"7.87k","R43","Resistor_SMD:R_0603_1608Metric_Pad0.98x0.95mm_HandSolder",""
"243k","R44","Resistor_SMD:R_0603_1608Metric_Pad0.98x0.95mm_HandSolder",""
"107k","R45","Resistor_SMD:R_0603_1608Metric_Pad0.98x0.95mm_HandSolder",""
"14.7k","R46","Resistor_SMD:R_0603_1608Metric_Pad0.98x0.95mm_HandSolder",""
"453k","R47","Resistor_SMD:R_0603_1608Metric_Pad0.98x0.95mm_HandSolder",""
"7.32k","R49","Resistor_SMD:R_0603_1608Metric_Pad0.98x0.95mm_HandSolder",""
"37.4k","R5,R62","Resistor_SMD:R_0603_1608Metric_Pad0.98x0.95mm_HandSolder",""
"2.87k","R52","Resistor_SMD:R_0603_1608Metric_Pad0.98x0.95mm_HandSolder",""
"95.3k","R54","Resistor_SMD:R_0603_1608Metric_Pad0.98x0.95mm_HandSolder",""
"4.02k","R55","Resistor_SMD:R_0603_1608Metric_Pad0.98x0.95mm_HandSolder",""
"383k","R56","Resistor_SMD:R_0603_1608Metric_Pad0.98x0.95mm_HandSolder",""
"11.5k","R57","Resistor_SMD:R_0805_2012Metric",""
"22.6k","R59","Resistor_SMD:R_0603_1608Metric_Pad0.98x0.95mm_HandSolder",""
"402k","R6","Resistor_SMD:R_0603_1608Metric_Pad0.98x0.95mm_HandSolder",""
"8.06k","R60","Resistor_SMD:R_0603_1608Metric_Pad0.98x0.95mm_HandSolder",""
"4.32k","R61","Resistor_SMD:R_0603_1608Metric_Pad0.98x0.95mm_HandSolder",""
"19.6k","R63","Resistor_SMD:R_0603_1608Metric_Pad0.98x0.95mm_HandSolder",""
"10.7k","R64","Resistor_SMD:R_0603_1608Metric_Pad0.98x0.95mm_HandSolder",""
"1k","R66,R67,R68,R69,R70,R71,R72","Resistor_SMD:R_0603_1608Metric_Pad0.98x0.95mm_HandSolder",""
"86.6k","R7","Resistor_SMD:R_0603_1608Metric_Pad0.98x0.95mm_HandSolder",""
"20k","R73","Resistor_SMD:R_0603_1608Metric_Pad0.98x0.95mm_HandSolder",""
"102k","R74","Resistor_SMD:R_0603_1608Metric_Pad0.98x0.95mm_HandSolder",""
"680","R75,R76,R77,R78,R79,R80,R81","Resistor_SMD:R_0603_1608Metric_Pad0.98x0.95mm_HandSolder",""
"35.7k","R8","Resistor_SMD:R_0603_1608Metric_Pad0.98x0.95mm_HandSolder",""
"620","R82","Resistor_SMD:R_0603_1608Metric_Pad0.98x0.95mm_HandSolder",""
"390k","R9","Resistor_SMD:R_0603_1608Metric_Pad0.98x0.95mm_HandSolder",""
"10k_LED_Brightness_Pot","RV1","PTV09A_Pot_Vertical:PTV09",""
"5k_Rhi_Adjuster","RV2","PTV09A_Pot_Vertical:PTV09",""
"SW_SPDT","SW1","Slide_Switch:SW_OS102011MS2QN1",""
"SW_SPST","SW2","PW_On_Off_Switch:E-SWITCH_RR511D1121",""
"LM324","U1,U2,U3,U4,U5,U6,U7","Package_SO:SOIC-14_3.9x8.7mm_P1.27mm",""
"LM3915N-1","U10,U11,U12,U13,U14,U15,U16","Package_DIP:DIP-18_W7.62mm_Socket",""
"NCP161ASN350T1G","U17","Package_TO_SOT_SMD:SOT-23-5",""
"NCS333ASQ3T2G","U18","Package_TO_SOT_SMD:SOT-353_SC-70-5",""
"LT1054","U8","LT1054_PDIP_Lin_Reg:DIP794W45P254L959H508Q8",""
"MC78L05_TO92","U9","Package_TO_SOT_THT:TO-92_Inline",""